{
  "map50": 0.9870000000000001,
  "map50_95": 0.8998087355786293,
  "precision": 0.9812958902141269,
  "recall": 0.9791666666666667
}